tolerance,MPR
0.001,0.3888888888888889
0.0001,0.3888888888888889
1e-05,0.3888888888888889
