tolerance,MPR
0.001,0.3527777777777778
0.0001,0.3527777777777778
1e-05,0.3527777777777778
