tolerance,MPR
0.001,0.3694444444444444
0.0001,0.3694444444444444
1e-05,0.3694444444444444
