tolerance,MPR
0.001,0.36944444444444446
0.0001,0.36944444444444446
1e-05,0.36944444444444446
