tolerance,MPR
0.001,0.35625
0.0001,0.35625
1e-05,0.35625
