tolerance,MPR
0.001,0.3416666666666667
0.0001,0.3416666666666667
1e-05,0.3416666666666667
