tolerance,MPR
0.001,0.34791666666666665
0.0001,0.34791666666666665
1e-05,0.34791666666666665
