tolerance,MPR
0.001,0.33958333333333335
0.0001,0.33958333333333335
1e-05,0.33958333333333335
