tolerance,MPR
0.001,0.35208333333333336
0.0001,0.35208333333333336
1e-05,0.35208333333333336
