tolerance,MPR
0.001,0.35833333333333334
0.0001,0.35833333333333334
1e-05,0.35833333333333334
