tolerance,MPR
0.001,0.39166666666666666
0.0001,0.39166666666666666
1e-05,0.39166666666666666
