tolerance,MPR
0.001,0.37499999999999994
0.0001,0.37499999999999994
1e-05,0.37499999999999994
