tolerance,MPR
0.001,0.36388888888888893
0.0001,0.36388888888888893
1e-05,0.36388888888888893
