tolerance,MPR
0.001,0.3805555555555556
0.0001,0.3805555555555556
1e-05,0.3805555555555556
