tolerance,MPR
0.001,0.38611111111111107
0.0001,0.38611111111111107
1e-05,0.38611111111111107
