tolerance,MPR
0.001,0.39444444444444443
0.0001,0.39444444444444443
1e-05,0.39444444444444443
