tolerance,MPR
0.001,0.38333333333333336
0.0001,0.38333333333333336
1e-05,0.38333333333333336
