tolerance,MPR
0.001,0.3458333333333333
0.0001,0.3458333333333333
1e-05,0.3458333333333333
