tolerance,MPR
0.001,0.36666666666666664
0.0001,0.36666666666666664
1e-05,0.36666666666666664
