tolerance,MPR
0.001,0.3777777777777777
0.0001,0.3777777777777777
1e-05,0.3777777777777777
